team,stage,probability,ci_low,ci_high
Argentina,champion,0.23208,0.22840027458606452,0.2358008919099113
Spain,champion,0.18856,0.18515531778670422,0.1920125356527804
France,champion,0.14098,0.13795721202993558,0.1440579521809678
England,champion,0.0906,0.08811534103726423,0.09314756417120279
Colombia,champion,0.04824,0.046396273120738775,0.05015314079469128
Brazil,champion,0.03964,0.0379648360934121,0.04138589923089146
Germany,champion,0.03852,0.03686826539316697,0.04024264202159454
Portugal,champion,0.0365,0.03489150762892786,0.03817971016326672
Netherlands,champion,0.0314,0.029906985324278698,0.03296501609410832
Mexico,champion,0.02572,0.02436846265571549,0.027144411507136833
Japan,champion,0.02294,0.02166390365237567,0.024289397663577624
Norway,champion,0.02002,0.018828613494299103,0.02128513648606241
United States,champion,0.01248,0.011543684871265721,0.013491223646643031
Austria,champion,0.01162,0.010717438615917374,0.01259760204287873
Belgium,champion,0.011,0.010122580276287258,0.011952555646869494
Switzerland,champion,0.01018,0.009336981149624576,0.011098280768331742
Morocco,champion,0.01006,0.009222133328223171,0.010973147027996497
Croatia,champion,0.00518,0.00458766367758881,0.005848366501340482
Canada,champion,0.0051,0.00451251307111457,0.0057635293999902925
Senegal,champion,0.00294,0.0025020958728082096,0.003454278487036975
Paraguay,champion,0.00282,0.002391830011518748,0.0033245627865897878
Uruguay,champion,0.00196,0.0016087139716964539,0.002387810967299433
Australia,champion,0.00188,0.00153665884671251,0.0022998783844589447
Ecuador,champion,0.00176,0.0014288984263106821,0.0021676572431241245
Iran,champion,0.00164,0.0013215601743057632,0.002035013933392394
South Korea,champion,0.00136,0.001073025702190729,0.0017235914281219153
Algeria,champion,0.00114,0.0008800793451529599,0.0014765715886424949
Scotland,champion,0.00102,0.0007759302995114471,0.0013407390725473593
Ivory Coast,champion,0.00098,0.0007414161540326908,0.001295259364113899
Egypt,champion,0.00056,0.00038748906264430454,0.0008092509894240149
Sweden,champion,0.00036,0.0002277369906560485,0.00056903379185119
Turkey,champion,0.00036,0.0002277369906560485,0.00056903379185119
DR Congo,champion,0.00014,6.781800868034618e-05,0.000288986577309703
Uzbekistan,champion,0.00012,5.499744914591923e-05,0.0002618102098880219
Czechia,champion,8e-05,3.111036046966462e-05,0.0002057034446520603
Jordan,champion,4e-05,1.0969281687106633e-05,0.00014585066952240206
Panama,champion,2e-05,3.530409009447142e-06,0.00011329261524395344
Bosnia and Herzegovina,champion,0.0,0.0,7.682609729729246e-05
Cape Verde,champion,0.0,0.0,7.682609729729246e-05
Curacao,champion,0.0,0.0,7.682609729729246e-05
Ghana,champion,0.0,0.0,7.682609729729246e-05
Haiti,champion,0.0,0.0,7.682609729729246e-05
Iraq,champion,0.0,0.0,7.682609729729246e-05
New Zealand,champion,0.0,0.0,7.682609729729246e-05
Qatar,champion,0.0,0.0,7.682609729729246e-05
Saudi Arabia,champion,0.0,0.0,7.682609729729246e-05
South Africa,champion,0.0,0.0,7.682609729729246e-05
Tunisia,champion,0.0,0.0,7.682609729729246e-05
Argentina,final,0.36536,0.3611496883198997,0.3695909994115806
Spain,final,0.30738,0.30335050525491514,0.3114390912308076
France,final,0.24294,0.23920072539307136,0.24671877244007112
England,final,0.1704,0.1671297076257451,0.1737209361375933
Colombia,final,0.10614,0.10347030727821371,0.1088702101751493
Germany,final,0.09022,0.08774012674921129,0.09276283684708968
Brazil,final,0.08742,0.08497580971949686,0.08992758410294896
Portugal,final,0.08226,0.07988359068508111,0.08470059598268884
Netherlands,final,0.07574,0.07345329382187173,0.07809189465820697
Mexico,final,0.0611,0.05903409911341758,0.06323333883478999
Norway,final,0.0563,0.05431345508114945,0.05835472039759217
Japan,final,0.05604,0.05405786693395567,0.05809034849435654
United States,final,0.04378,0.04202133186378544,0.045608767340432496
Austria,final,0.03616,0.0345589163767581,0.03783235365718265
Belgium,final,0.03404,0.03248601117856976,0.03566558459802354
Switzerland,final,0.0331,0.031567412568105836,0.03470432764155037
Morocco,final,0.03028,0.028813703217891756,0.031818470290953214
Canada,final,0.01904,0.017878499990423864,0.02027540056908835
Croatia,final,0.01844,0.017297200413598234,0.01965679233723074
Senegal,final,0.01146,0.010563859189141619,0.012431206054005618
Paraguay,final,0.0107,0.00983500776937386,0.01164017424944127
Australia,final,0.0092,0.008400019376602048,0.010075393120504974
Uruguay,final,0.00748,0.006761668765199712,0.008274008013682013
Iran,final,0.00724,0.006533795644602628,0.008021918010805802
South Korea,final,0.00682,0.006135520628510759,0.007580257560819398
Ecuador,final,0.00608,0.005435521897352983,0.006800369994601175
Algeria,final,0.0055,0.004888634805846426,0.0061873462043805965
Scotland,final,0.00446,0.003912779403444811,0.00508336140506459
Ivory Coast,final,0.00398,0.0034649318330433926,0.004571282728519414
Egypt,final,0.00334,0.0028710094901127753,0.003885303408854571
Sweden,final,0.0023,0.0019166255896477795,0.0027598471076019458
Turkey,final,0.00152,0.0012146907238391475,0.0019019018221223616
DR Congo,final,0.00088,0.0006556329669321354,0.001181057916433914
Czechia,final,0.00072,0.0005201429585989996,0.000996572509118185
Cape Verde,final,0.00054,0.0003711613628468173,0.0007855817622653941
Uzbekistan,final,0.00048,0.0003225917075783642,0.0007141606366655231
Panama,final,0.00036,0.0002277369906560485,0.00056903379185119
Jordan,final,0.0002,0.00010864203419457872,0.0003681533326637948
Bosnia and Herzegovina,final,0.00016,8.107715732448164e-05,0.0003157243556216757
Ghana,final,0.00016,8.107715732448164e-05,0.0003157243556216757
Saudi Arabia,final,0.00012,5.499744914591923e-05,0.0002618102098880219
Iraq,final,8e-05,3.111036046966462e-05,0.0002057034446520603
New Zealand,final,8e-05,3.111036046966462e-05,0.0002057034446520603
Curacao,final,0.0,0.0,7.682609729729246e-05
Haiti,final,0.0,0.0,7.682609729729246e-05
Qatar,final,0.0,0.0,7.682609729729246e-05
South Africa,final,0.0,0.0,7.682609729729246e-05
Tunisia,final,0.0,0.0,7.682609729729246e-05
Argentina,quarter_final,0.72202,0.7180761332148541,0.7259297529249021
France,quarter_final,0.5835,0.5791725996333281,0.5878145704084232
Spain,quarter_final,0.57248,0.5681381935373133,0.5768106697516224
England,quarter_final,0.51834,0.5139590150685424,0.5227181669502089
Colombia,quarter_final,0.45602,0.4516578392575316,0.46038891836598667
United States,quarter_final,0.42228,0.41795671004728835,0.42661523180127553
Netherlands,quarter_final,0.36986,0.3656385131527912,0.37410148314381336
Brazil,quarter_final,0.35966,0.35546441441792703,0.36387714913106234
Germany,quarter_final,0.324,0.3199114558204507,0.32811558696579796
Norway,quarter_final,0.31658,0.312517074094153,0.32067110879137944
Portugal,quarter_final,0.3148,0.3107433971501078,0.31888505923633115
Mexico,quarter_final,0.29724,0.2932495415829682,0.3012616129360078
Japan,quarter_final,0.29448,0.2905005725607572,0.2984910060382759
Switzerland,quarter_final,0.27926,0.27534460914718867,0.2832093080382461
Belgium,quarter_final,0.23924,0.23552063811154095,0.2429994282347216
Morocco,quarter_final,0.22634,0.22269312624603313,0.23002892221353968
Canada,quarter_final,0.21388,0.21030786606942892,0.21749609689648852
Austria,quarter_final,0.20138,0.19788780772992315,0.20491807588842675
Senegal,quarter_final,0.12822,0.12531796371945775,0.13117916109344868
South Korea,quarter_final,0.11984,0.11702239310375025,0.12271601931454683
Croatia,quarter_final,0.1152,0.11243104912133788,0.11802807624314211
Iran,quarter_final,0.10986,0.1071488449930362,0.11263110087416292
Australia,quarter_final,0.09082,0.08833257648014674,0.09337029492483746
Paraguay,quarter_final,0.08592,0.0834952370726447,0.08840838722809302
Egypt,quarter_final,0.08068,0.0783248969582001,0.0830995324800373
Ivory Coast,quarter_final,0.07808,0.07576055071298769,0.08046427822095566
Algeria,quarter_final,0.07366,0.07140294171997245,0.07598256635667101
Uruguay,quarter_final,0.0706,0.06838753108263684,0.07287844716972205
Scotland,quarter_final,0.06618,0.0640341133423731,0.06839254405268594
Ecuador,quarter_final,0.0539,0.051954649613407886,0.05591389463060077
Sweden,quarter_final,0.04446,0.042688051982139756,0.046301942738585865
DR Congo,quarter_final,0.02682,0.0254398302556951,0.028272874889743164
Bosnia and Herzegovina,quarter_final,0.0248,0.023472920981382355,0.02620009454148899
Czechia,quarter_final,0.02098,0.01976007929229051,0.022273523181964183
Cape Verde,quarter_final,0.02024,0.019042011404294137,0.021511704772584565
Turkey,quarter_final,0.01418,0.013180337874984793,0.015254309434193147
Uzbekistan,quarter_final,0.01268,0.011736009171244472,0.013698868616225362
New Zealand,quarter_final,0.01012,0.009279553316127297,0.0110357178209607
Panama,quarter_final,0.00954,0.008724832723861082,0.010430527531499778
Ghana,quarter_final,0.00884,0.008056416107348483,0.009699051704548595
Jordan,quarter_final,0.0088,0.008018258899465622,0.00965721505851924
Saudi Arabia,quarter_final,0.00518,0.00458766367758881,0.005848366501340482
Iraq,quarter_final,0.00386,0.00335327071896779,0.004442962280858368
South Africa,quarter_final,0.00258,0.002171941020491921,0.0030644886541433174
Qatar,quarter_final,0.00188,0.00153665884671251,0.0022998783844589447
Curacao,quarter_final,0.00064,0.0004533993903366731,0.000903328369556079
Haiti,quarter_final,8e-05,3.111036046966462e-05,0.0002057034446520603
Tunisia,quarter_final,0.0,0.0,7.682609729729246e-05
Argentina,round_of_16,0.85662,0.853520681209165,0.8596645233451988
France,round_of_16,0.84896,0.8457944183228405,0.8520719632073339
England,round_of_16,0.78494,0.7813167995550909,0.7885194187885813
United States,round_of_16,0.77214,0.7684425171172856,0.7757956679744776
Spain,round_of_16,0.74756,0.7437332880058319,0.7513486738568743
Colombia,round_of_16,0.74692,0.7430901461491728,0.750711914050938
Germany,round_of_16,0.70464,0.7006255929819553,0.708622963632943
Mexico,round_of_16,0.67514,0.6710216524551358,0.6792314368995029
Switzerland,round_of_16,0.65744,0.6532682945432425,0.6615875144552404
Norway,round_of_16,0.65684,0.6526665997545373,0.6609893014352624
Portugal,round_of_16,0.60392,0.5996251858304859,0.6081988466334519
Canada,round_of_16,0.59316,0.5888470539493778,0.597458631812174
Brazil,round_of_16,0.5775,0.5731644821394019,0.5818236098155171
Netherlands,round_of_16,0.5653,0.5609499911846431,0.5696399753270499
Belgium,round_of_16,0.5353,0.5309256980022369,0.539668878075294
Japan,round_of_16,0.4987,0.49431758980569,0.5030826099421628
Morocco,round_of_16,0.42272,0.41839607120158534,0.42705580304001295
Australia,round_of_16,0.40576,0.4014632569909738,0.4100712231918448
South Korea,round_of_16,0.39148,0.3872102716762011,0.3957664026599563
Austria,round_of_16,0.38222,0.3779698391775219,0.3864882579779574
Croatia,round_of_16,0.36794,0.3637232328167268,0.3721770584920914
Paraguay,round_of_16,0.34084,0.33669764915578326,0.34500680612750834
Iran,round_of_16,0.33394,0.32981897781352304,0.3380865376699113
Senegal,round_of_16,0.30212,0.29811046449491635,0.30615994020135
Egypt,round_of_16,0.2839,0.2799645037018822,0.2878687005373697
Ivory Coast,round_of_16,0.28118,0.27725622674354344,0.28513739542967775
Scotland,round_of_16,0.23888,0.23516259608899026,0.24263752557206236
Algeria,round_of_16,0.18546,0.1820773648119504,0.18889096494933746
Sweden,round_of_16,0.15972,0.15653499349513916,0.1629572912736375
Uruguay,round_of_16,0.15228,0.1491573876743216,0.15545604026678286
DR Congo,round_of_16,0.1316,0.12866509533794546,0.1345915101305432
Ecuador,round_of_16,0.11894,0.11613172086063417,0.12180682984463806
Bosnia and Herzegovina,round_of_16,0.10336,0.10072196737881314,0.10605897722765084
New Zealand,round_of_16,0.07582,0.0735321638620889,0.07817301232581424
Ghana,round_of_16,0.0745,0.07223090567314609,0.0768344733356539
Cape Verde,round_of_16,0.07214,0.06990494260940798,0.07444079901857124
Uzbekistan,round_of_16,0.0707,0.06848605501498801,0.07297990787215143
Czechia,round_of_16,0.06302,0.0609234092012975,0.06518373373469645
Turkey,round_of_16,0.04752,0.045689688634062156,0.04941983591094801
Panama,round_of_16,0.04322,0.04147235689123622,0.045037828358210706
Jordan,round_of_16,0.03544,0.03385473456386334,0.037096646099657515
South Africa,round_of_16,0.02352,0.02222777565239105,0.02488543654528938
Saudi Arabia,round_of_16,0.02238,0.021119683647252308,0.02371370371392996
Iraq,round_of_16,0.01816,0.017026037054144467,0.019367998719298986
Qatar,round_of_16,0.01758,0.0164645726114897,0.018769552280226618
Curacao,round_of_16,0.00762,0.006894686146224547,0.008420969121349936
Haiti,round_of_16,0.00096,0.0007242003672014958,0.0012724782239889858
Tunisia,round_of_16,0.0,0.0,7.682609729729246e-05
Brazil,round_of_32,1.0,0.9999231739027028,1.0
Canada,round_of_32,1.0,0.9999231739027028,1.0
Germany,round_of_32,1.0,0.9999231739027028,1.0
Japan,round_of_32,1.0,0.9999231739027028,1.0
Mexico,round_of_32,1.0,0.9999231739027028,1.0
Morocco,round_of_32,1.0,0.9999231739027028,1.0
Netherlands,round_of_32,1.0,0.9999231739027028,1.0
Spain,round_of_32,1.0,0.9999231739027028,1.0
Switzerland,round_of_32,1.0,0.9999231739027028,1.0
United States,round_of_32,1.0,0.9999231739027028,1.0
Argentina,round_of_32,0.99944,0.999190749010576,0.9996125109373557
France,round_of_32,0.99902,0.9987047406358862,0.9992585838459673
England,round_of_32,0.99896,0.9986365607712282,0.9992067729297569
Norway,round_of_32,0.99104,0.990175463810018,0.9918290868163484
Colombia,round_of_32,0.9895,0.9885681799015871,0.990356607349159
Austria,round_of_32,0.97258,0.9711118668730866,0.9739755201727919
Ivory Coast,round_of_32,0.96244,0.960737598902605,0.9640713461765267
South Korea,round_of_32,0.95956,0.9577977158038697,0.9612516717935824
Sweden,round_of_32,0.93024,0.9279738744317788,0.9324400182480187
Australia,round_of_32,0.89986,0.8971979507150311,0.9024606099184384
Belgium,round_of_32,0.8899,0.8871262955407415,0.8926137954685862
Scotland,round_of_32,0.87246,0.8695074272033169,0.8753553435002844
Portugal,round_of_32,0.86822,0.8652267854990875,0.8711566366898188
Croatia,round_of_32,0.8381,0.8348452352074176,0.8413028149855899
Paraguay,round_of_32,0.80136,0.7978397232394034,0.8048339721352336
Egypt,round_of_32,0.742,0.7381463557482364,0.7458164604206716
Iran,round_of_32,0.7224,0.7184577562646413,0.7263080714872809
Cape Verde,round_of_32,0.7031,0.699079684240645,0.7070891089986326
Senegal,round_of_32,0.67216,0.6680322085723451,0.6762613386658334
Ghana,round_of_32,0.65354,0.6493574099270282,0.6576989983150138
Algeria,round_of_32,0.55636,0.5520010737914308,0.5607102663708817
Bosnia and Herzegovina,round_of_32,0.54578,0.5414123651308279,0.5501406006717037
DR Congo,round_of_32,0.51318,0.5087979852973802,0.517559989566695
Uruguay,round_of_32,0.36508,0.3608703967641148,0.3693103339899799
New Zealand,round_of_32,0.35956,0.3553646785002987,0.36377690041391014
Uzbekistan,round_of_32,0.34048,0.33633873760753175,0.34464577299055
Saudi Arabia,round_of_32,0.30742,0.30339035584922974,0.3114792344904053
Ecuador,round_of_32,0.2695,0.26562861492768847,0.27340680190316563
Qatar,round_of_32,0.2193,0.2156947662388423,0.22294836393218045
Panama,round_of_32,0.20126,0.19776860032330976,0.20479730173330343
Czechia,round_of_32,0.17016,0.16689157115230885,0.1734791094875563
Turkey,round_of_32,0.16096,0.15776483815403336,0.164207256086022
South Africa,round_of_32,0.15224,0.1491177300566812,0.15541570403051105
Jordan,round_of_32,0.15196,0.1488401288514162,0.15513334825839056
Curacao,round_of_32,0.1109,0.10817743264235863,0.11368235342655814
Iraq,round_of_32,0.09732,0.0947528526419289,0.09994902002379047
Haiti,round_of_32,0.0126,0.01165907187699254,0.01361581820265286
Tunisia,round_of_32,6e-05,2.040525032321293e-05,0.00017641162784240387
Argentina,semi_final,0.54332,0.5389506254180455,0.5476827183688847
Spain,semi_final,0.46502,0.46065089974446877,0.46939447500929815
France,semi_final,0.40644,0.40214206522945556,0.41075231046987076
England,semi_final,0.32588,0.321785152650035,0.33000160127008776
Colombia,semi_final,0.21588,0.2122955447717377,0.21950811088979053
Germany,semi_final,0.1901,0.18668449660661102,0.19356312020849387
Brazil,semi_final,0.18458,0.18120368836997383,0.1880047766052452
Portugal,semi_final,0.16936,0.1660978001066947,0.17267300345492612
Netherlands,semi_final,0.16846,0.16520483945298528,0.17176610239561066
Mexico,semi_final,0.14798,0.14489463155804722,0.15111945708749402
Norway,semi_final,0.14034,0.1373230584388572,0.14341220410945069
Japan,semi_final,0.13484,0.13187419689497787,0.13786191074040027
United States,semi_final,0.12332,0.120466808716288,0.12623106899237188
Austria,semi_final,0.0943,0.09176943121457883,0.09689290548076819
Switzerland,semi_final,0.09188,0.08937931871491983,0.09444338981873812
Belgium,semi_final,0.08844,0.08598272437776977,0.09096051271943759
Morocco,semi_final,0.08232,0.07994278682606396,0.08476139062257432
Canada,semi_final,0.06028,0.05822738387037953,0.062400180072627605
Croatia,semi_final,0.05346,0.051522318792207034,0.05546629305876724
Senegal,semi_final,0.0372,0.035576374609451865,0.03889473562620651
Paraguay,semi_final,0.03466,0.033092073785014324,0.03629942672721833
Australia,semi_final,0.0324,0.030883568539139754,0.03398827922705267
Iran,semi_final,0.02804,0.026628807775452738,0.02952370991430812
South Korea,semi_final,0.02696,0.025576231994790734,0.02841645163934029
Uruguay,semi_final,0.02398,0.02267513528745765,0.025358006230213264
Algeria,semi_final,0.01908,0.017917264428487466,0.020316629984936958
Ivory Coast,semi_final,0.01886,0.01770407705249966,0.020089851164407573
Scotland,semi_final,0.0182,0.017064770303870443,0.01940925932348523
Ecuador,semi_final,0.01738,0.01627103858569447,0.018563117036460765
Egypt,semi_final,0.01614,0.01507202969998858,0.017282316450887958
Sweden,semi_final,0.01058,0.009720028922272129,0.011515171534806353
DR Congo,semi_final,0.00642,0.005756852807888175,0.0071589868423198215
Turkey,semi_final,0.0055,0.004888634805846426,0.0061873462043805965
Cape Verde,semi_final,0.00362,0.0031303490101558962,0.004185920866196964
Czechia,semi_final,0.00356,0.003074706774357147,0.004121572321127388
Uzbekistan,semi_final,0.00288,0.0024469375623253115,0.0033894460166515486
Bosnia and Herzegovina,semi_final,0.002,0.001644802065066741,0.0024317167278413623
Panama,semi_final,0.00168,0.0013572899743885549,0.002079277987221819
New Zealand,semi_final,0.00106,0.0008105493100440729,0.0013861139159269495
Ghana,semi_final,0.00102,0.0007759302995114471,0.0013407390725473593
Jordan,semi_final,0.00092,0.0006898556443162795,0.0012268290929619858
Saudi Arabia,semi_final,0.00092,0.0006898556443162795,0.0012268290929619858
Iraq,semi_final,0.00048,0.0003225917075783642,0.0007141606366655231
Qatar,semi_final,0.00012,5.499744914591923e-05,0.0002618102098880219
South Africa,semi_final,0.00012,5.499744914591923e-05,0.0002618102098880219
Curacao,semi_final,2e-05,3.530409009447142e-06,0.00011329261524395344
Haiti,semi_final,0.0,0.0,7.682609729729246e-05
Tunisia,semi_final,0.0,0.0,7.682609729729246e-05
